cpg;select_prob;6_cpg_clock;AddressA_ID;AlleleA_ProbeSeq;AddressB_ID;AlleleB_ProbeSeq;Infinium_Design_Type;Next_Base;Color_Channel;Forward_Sequence;Genome_Build;CHR;MAPINFO;SourceSeq;Strand;UCSC_RefGene_Name;UCSC_RefGene_Accession;UCSC_RefGene_Group;UCSC_CpG_Islands_Name;Relation_to_UCSC_CpG_Island;Phantom4_Enhancers;Phantom5_Enhancers;DMR;450k_Enhancer;HMM_Island;Regulatory_Feature_Name;Regulatory_Feature_Group;GencodeBasicV12_NAME;GencodeBasicV12_Accession;GencodeBasicV12_Group;GencodeCompV12_NAME;GencodeCompV12_Accession;GencodeCompV12_Group;DNase_Hypersensitivity_NAME;DNase_Hypersensitivity_Evidence_Count;OpenChromatin_NAME;OpenChromatin_Evidence_Count;TFBS_NAME;TFBS_Evidence_Count;Methyl27_Loci;Methyl450_Loci;Chromosome_36;Coordinate_36;SNP_ID;SNP_DISTANCE;SNP_MinorAlleleFrequency;Random_Loci;UCSC_RefGene_Name2
cg04347477;1;TRUE;64606243;AAATAACACTTAACTCAATACCCATATCTAATTTAAAATCAACACCACCA;19632906;AAATAACGCTTAACTCGATACCCATATCTAATTTAAAATCAACGCCACCG;I;A;Red;TTCCAACTTTCCAGTGTTTATCCCGGCTCCTCGCTGCCAAGTCCCTGGGCAAGCCTGGGC[CG]GTGGCGCTGATTTCAAACCAGACATGGGCACCGAGCCAAGCGCCACCTCGGTGGGGAGCC;37;12;125002007;AGGTGGCGCTTGGCTCGGTGCCCATGTCTGGTTTGAAATCAGCGCCACCG;F;"NCOR2;NCOR2";"NM_006312;NM_001077261";"5'UTR;5'UTR";chr12:125002006-125002433;Island;;;;NA;12:123567923-123568665;;;"NCOR2;NCOR2";"ENST00000404621.1;ENST00000404121.2";"5'UTR;5'UTR";"NCOR2;NCOR2;NCOR2;NCOR2;NCOR2";"ENST00000420698.1;ENST00000404621.1;ENST00000404121.2;ENST00000542565.1;ENST00000458234.1";"5'UTR;5'UTR;5'UTR;3'UTR;5'UTR";chr12:125001765-125003375;3;;NA;;NA;NA;TRUE;12;123567960;"rs527941204;rs552607214;rs564077593";"7;28;50";"0.000200;0.000399;0.001398";NA;NCOR2
cg18183624;0,996;TRUE;17630113;AACCTTAAAATCTTTAAAAAATTCAAACTCATAACRATTTCTACAACTTC;;;II;;;TTTTGTGGGGGAACCTTAAAATCTTTGAAGAGTTCAGACTCATGGCGATTTCTGCAACTT[CG]TAGCAGGCCTCATTTTCTGTTTTTCCCACTCTTTCCACACCATAATTCTTAAGTGGATTG;37;17;47076904;ACCTTAAAATCTTTGAAGAGTTCAGACTCATGGCGATTTCTGCAACTTCG;R;"IGF2BP1;IGF2BP1";"NM_006546;NM_001160423";"Body;Body";chr17:47072820-47076042;S_Shore;;;RDMR;NA;;;;IGF2BP1;ENST00000515586.1;5'UTR;"IGF2BP1;IGF2BP1";"ENST00000510023.1;ENST00000515586.1";"5'UTR;5'UTR";chr17:47076780-47076990;3;;NA;;NA;NA;TRUE;17;44431903;rs543583812;20;0.000399;NA;IGF2BP1
cg25975961;0,969;TRUE;95748185;CRTAACACTCAAAATCTCCATAACTACCTATACCCAAAACTAAACAAAAC;;;II;;;TCTTGTTCCACCGTGGCACTCAGGGTCTCCATGGCTACCTATGCCCAGAGCTAAACAAAG[CG]CTGGTGTAGCTGGGCTCCAGCCAGGGCCCAGGGTGGCAGGCCCAGGACCTCCAGGTGCGG;37;7;150600818;GTGGCACTCAGGGTCTCCATGGCTACCTATGCCCAGAGCTAAACAAAGCG;R;;;;;;;;;NA;;;;;;;;;;chr7:150600625-150601155;3;;NA;;NA;NA;NA;7;150231751;"rs550324200;rs563895121";"50;2";"0.000399;0.000200";NA;
cg20320200;0,949;FALSE;26634944;AAACAAATTCAAACTACATTACAATTAATACCAATAAAACTCCTTCTAAC;;;II;;;CACCGGTCTGCAAACAAATTCAGGCTGCATTACAATTAATGCCAGTGGAACTCCTTCTAA[CG]ACTTCCAGCTTGCTAATTTTTTACGCTAATAATAAAAAAAGGCATTGCTATGCAAGAACG;37;1;217030433;AACAAATTCAGGCTGCATTACAATTAATGCCAGTGGAACTCCTTCTAACG;R;"ESRRG;ESRRG;ESRRG";"NM_206594;NM_206595;NM_001134285";"5'UTR;5'UTR;5'UTR";;;;;;TRUE;;;;"ESRRG;ESRRG;ESRRG;ESRRG;ESRRG;ESRRG;ESRRG;ESRRG";"ENST00000487276.1;ENST00000361395.2;ENST00000493748.1;ENST00000463665.1;ENST00000359162.2;ENST00000361525.3;ENST00000493603.1;ENST00000366940.2";"5'UTR;5'UTR;5'UTR;5'UTR;5'UTR;5'UTR;5'UTR;5'UTR";"ESRRG;ESRRG;ESRRG;ESRRG;ESRRG;ESRRG;ESRRG;ESRRG;ESRRG";"ENST00000487276.1;ENST00000361395.2;ENST00000493748.1;ENST00000463665.1;ENST00000359162.2;ENST00000361525.3;ENST00000493603.1;ENST00000366940.2;ENST00000477799.1";"5'UTR;5'UTR;5'UTR;5'UTR;5'UTR;5'UTR;5'UTR;5'UTR;3'UTR";;NA;;NA;;NA;NA;TRUE;1;215097056;;;;NA;ESRRG
cg11387576;0,941;FALSE;24732536;AAATCCCATATATTTAAAACTATAATACTTTACTTATCCACCTAACTCCC;;;II;;;GAGGTGAAGCCAAATCCCATATATTTAAAACTGTAATGCTTTGCTTGTCCACCTAGCTCC[CG]TCTCCTGAAGTCATTAGTTGTGGTTTTACTTTACTGTTAAAACACTCTTCTTTTTTTCCT;37;9;18260848;CGGGAGCTAGGTGGACAAGCAAAGCATTACAGTTTTAAATATATGGGATT;R;;;;;;;;;NA;;;;;;;;;;chr9:18260605-18260915;3;;NA;;NA;NA;NA;9;18250848;"rs534283864;rs534662824;rs574058065";"46;10;2";"0.002796;0.000200;0.000200";NA;
cg11579708;0,934;FALSE;29751148;AAAAAAATTCCRCAACCAATTCCTCRCCATAAAAAAATAATTACAAACAC;;;II;;;CCCGCAGGCTGGGAAGGATTCCGCAGCCAGTTCCTCGCCATAAGGAGGTGGTTACAGACA[CG]CCTGTGGGAGACATGGGACCACTACCCGAGCTGAATGAGGTGCCCAGGGTCGGTGGGAAT;37;10;13142679;GAAGGATTCCGCAGCCAGTTCCTCGCCATAAGGAGGTGGTTACAGACACG;R;"CCDC3;OPTN;OPTN;OPTN;OPTN";"NM_001282658;NM_021980;NM_001008213;NM_001008212;NM_001008211";"TSS1500;5'UTR;5'UTR;5'UTR;5'UTR";chr10:13141778-13142493;S_Shore;;;;NA;;;;"OPTN;OPTN;CCDC3;OPTN;OPTN;OPTN;OPTN";"ENST00000263036.3;ENST00000378764.1;ENST00000378839.1;ENST00000378757.2;ENST00000378748.3;ENST00000378747.3;ENST00000482140.1";"5'UTR;5'UTR;TSS1500;5'UTR;5'UTR;5'UTR;5'UTR";"OPTN;OPTN;CCDC3;OPTN;OPTN;OPTN;OPTN;OPTN;OPTN";"ENST00000263036.3;ENST00000378764.1;ENST00000378839.1;ENST00000487935.1;ENST00000378757.2;ENST00000378752.3;ENST00000430081.1;ENST00000378747.3;ENST00000482140.1";"5'UTR;5'UTR;TSS1500;5'UTR;5'UTR;5'UTR;5'UTR;5'UTR;5'UTR";chr10:13142285-13143235;3;;NA;;NA;NA;NA;10;13182685;"rs532897041;rs546378844;rs114769804";"26;22;15";"0.000200;0.000200;0.011981";NA;"CCDC3;OPTN"
cg21180953;0,902;TRUE;48773824;CCCAACTATTTATAATAACCRATACTACTATCACAATTATCTTAACTCAC;;;II;;;TCTTCTCCTGTCCCAACTATTTATAGTAACCGATGCTACTGTCACAGTTATCTTAGCTCA[CG]TTCACTGAAAGTAAGACCTTATGCTATGCATTACCTTCATATGAAGTCAGCACAGTTATT;37;18;42489607;CGTGAGCTAAGATAACTGTGACAGTAGCATCGGTTACTATAAATAGTTGG;R;SETBP1;NM_015559;Body;;;;;;NA;;18:42489383-42489653;Unclassified_Cell_type_specific;;;;;;;;NA;chr18:42488900-42489944;6;chr18:42488943-42490021;3;NA;NA;18;40743605;rs116151085;33;0.004393;NA;SETBP1
cg09709426;0,881;FALSE;37607901;AAATCATTTCAAAAAACATCTTCATTACAACTTTCTAATTTATACCCCTC;;;II;;;GCTTTTGCATTTTCCTCCAACTCTCCATGTCATTTTGTCATACAACACTGCCTCATTAAA[CG]AGGGGTATAAACTAGAAAGTTGTAATGAAGATGTTTCTTGAAATGATTTCTGCAGAGCAG;37;3;45911521;CGAGGGGTATAAACTAGAAAGTTGTAATGAAGATGTTTCTTGAAATGATT;F;"LZTFL1;LZTFL1";"NM_001276378;NM_001276379";"5'UTR;Body";;;;;;NA;;;;LZTFL1;ENST00000536047.1;5'UTR;"LZTFL1;LZTFL1;LZTFL1;LZTFL1";"ENST00000492333.1;ENST00000472635.1;ENST00000536047.1;ENST00000483279.1";"3'UTR;3'UTR;5'UTR;3'UTR";;NA;;NA;chr3:45911149-45912057;6;NA;NA;3;45886525;rs568200716;21;0.0002;NA;LZTFL1
cg07533333;0,86;FALSE;7732507;AAACTTACCTAATCACTAATAATCAAAAATCCATCTAAAAAATCCCAAAC;;;II;;;ATGTCATATGCTGACAGAGAAGTTCTGCATCAGCGTGTGGCCCAAGTCATACCCTTTAGA[CG]TTTGGGACTCTCTAGATGGACTTCTGACCACCAGTGATTAGGTAAGCCTAGCAATAGAGT;37;15;59793834;GGCTTACCTAATCACTGGTGGTCAGAAGTCCATCTAGAGAGTCCCAAACG;F;FAM81A;NM_152450;Body;;;;;;NA;;;;;;;;;;chr15:59793780-59794035;3;;NA;;NA;NA;NA;15;57581126;"rs563734136;rs531344174";"7;26";"0.000200;0.000200";NA;FAM81A
cg07749613;0,852;FALSE;79670422;AAACTAAATCTAAACRTAAAAAACTTACTTTTAACTAACACACTAAAACC;;;II;;;ACATGGGGGTTGAATGGGCCTCTTCCAACTAGCTGGGTTTCATCTGTTGGCTGAAAACAA[CG]GTCCCAGTGTGCCAGCCAAAAGCAAGCCTTTCACGCCCAGACTCAGCCTCAGGGACTGCA;37;2;97073539;CGGTCCCAGTGTGCCAGCCAAAAGCAAGCCTTTCACGCCCAGACTCAGCC;F;;;;;;;;;TRUE;;2:97072935-97073745;Promoter_Associated;;;;;;;chr2:97073140-97073555;3;;NA;;NA;NA;TRUE;2;96437266;"rs569800719;rs115354134";"1;43";"0.000200;0.002596";NA;
cg15393909;0,844;FALSE;5802575;AACTCCCATAACCCATCTATAATTTCAAACCTAAAATTCCCCAAAAATTC;;;II;;;CAGTGCCTGAACCAACCTGGCTGTTGGCCATAACCAGCAACTACCCGTCAATGAGAGCTT[CG]AACCTCTGGGGAATCCCAGGTCTGAAATTACAGATGGGCCATGGGAGTTTTTCCACTACA;37;3;111852242;CGAACCTCTGGGGAATCCCAGGTCTGAAATTACAGATGGGCCATGGGAGT;F;"GCSAM;GCSAM;GCSAM";"NM_001190260;NM_001190259;NM_152785";"TSS200;TSS200;TSS200";;;;;;NA;;3:111851949-111852330;Promoter_Associated;"RP11-757F18.5;GCET2;GCET2";"ENST00000563632.1;ENST00000484193.1;ENST00000308910.4";"TSS200;TSS200;TSS200";"RP11-757F18.5;GCET2;GCET2;GCET2;GCET2;GCET2;GCET2;GCET2";"ENST00000563632.1;ENST00000488580.1;ENST00000460387.2;ENST00000484193.1;ENST00000470085.1;ENST00000487901.1;ENST00000308910.4;ENST00000495418.1";"TSS200;TSS200;TSS200;TSS200;TSS200;TSS200;TSS200;TSS1500";chr3:111852025-111852270;3;;NA;;NA;NA;NA;3;113334932;"rs533926122;rs553917274;rs76616222;rs536179883;rs115753842";"0;19;35;43;46";"0.000599;0.000399;0.004992;0.000200;0.000998";NA;GCSAM
cg10714639;0,842;FALSE;81795477;AAAAAAAACACAACTTCTCCCCATTTCTACAAAAACAACAATAAACACCA;8684849;GAAAAAAACACGACTTCTCCCCATTTCTACAAAAACAACAATAAACGCCG;I;A;Red;CCGGGTCGGAGATGCTCCAGCCCCGTCGCCCCCAGCTCTGCCTGGAAGGACCCAGGAGCC[CG]GCGCTCACTGCTGTCCCTGCAGAAATGGGGAGAAGCCGTGCCTCCCTCGGTTGTAAGCAG;37;19;1075104;CGGCGCTCACTGCTGTCCCTGCAGAAATGGGGAGAAGCCGTGCCTCCCTC;F;HMHA1;NM_012292;Body;chr19:1074726-1075071;S_Shore;;;;NA;19:1025669-1026108;19:1074369-1075290;Promoter_Associated;;;;;;;chr19:1074780-1075130;3;;NA;;NA;NA;TRUE;19;1026104;"rs144735649;rs575614790";"3;9";"0.028155;0.000200";NA;HMHA1
cg02567958;0,82;FALSE;86794879;CCTCAACCTCAACCTCTAAAAAATAAACCAAAATAACCCAAACCCTCACC;;;II;;;GGTTGGCAAGCTCAGCTTCGACAGCAGCCCCACCAGCTCCACGGACGGCCACTCCAGCTA[CG]GTGAGGGCCTGGGCCATCTTGGCCCACTTTTCAGAGGCTGAGGCTGAGGCCCAGAGGGGT;37;22;37962818;CGGTGAGGGCCTGGGCCATCTTGGCCCACTTTTCAGAGGCTGAGGCTGAG;F;CDC42EP1;NM_152243;Body;chr22:37962481-37962819;Island;;;;NA;;22:37962079-37964287;Unclassified;CDC42EP1;ENST00000249014.4;ExonBnd;CDC42EP1;ENST00000249014.4;ExonBnd;chr22:37962665-37962915;3;;NA;;NA;NA;TRUE;22;36292764;;;;NA;CDC42EP1
cg12681972;0,82;FALSE;19655176;ATCTCTACAACCACTTCCAAAATTTAACAACCAATCACTAACAAAAATCA;38801524;ATCTCTACGACCACTTCCGAAATTTAACAACCGATCACTAACAAAAATCG;I;T;Red;AACCAATCGTGAATCTCTACGGCCACTTCCGGAATTTAGCAACCGATCACTAACAGGGAT[CG]TCCACAATCCAATCAGAGTGATTCTGTTCCTATATAGAGGGGCAAACCAATCTTCCTAAC;37;6;26225299;ATCTCTACGGCCACTTCCGGAATTTAGCAACCGATCACTAACAGGGATCG;R;HIST1H3E;NM_003532;TSS200;chr6:26225386-26225790;N_Shore;;;;NA;;;;HIST1H3E;ENST00000360408.1;TSS200;HIST1H3E;ENST00000360408.1;TSS200;chr6:26225120-26225390;3;;NA;;NA;NA;NA;6;26333278;"rs150937717;rs539295974";"20;6";"0.001198;0.000200";NA;HIST1H3E
cg01833485;0,807;FALSE;96606343;CAAATCAAATATAATAACAACTCAACAACTCCCCRCTACTTACTAACAAC;;;II;;;GGAAGGGCAATTCCCTGCAATCAGTGTTTAAGTGAATGTTTGTCCCAGTGTGCGACACCA[CG]CTGTCAGCAAGCAGCGGGGAGCTGTTGAGTTGTTACTACATTTGATTTGACTGCCAGTAG;37;1;216860692;CGCTGTCAGCAAGCAGCGGGGAGCTGTTGAGTTGTTACTACATTTGATTT;F;"ESRRG;ESRRG;ESRRG;ESRRG;ESRRG";"NM_206594;NM_001438;NM_206595;NM_001134285;NR_024099";"5'UTR;Body;5'UTR;5'UTR;Body";;;;;;TRUE;;;;"ESRRG;ESRRG;ESRRG;ESRRG;ESRRG;ESRRG;ESRRG;ESRRG;ESRRG;ESRRG";"ENST00000391890.3;ENST00000360012.3;ENST00000487276.1;ENST00000361395.2;ENST00000493748.1;ENST00000463665.1;ENST00000359162.2;ENST00000361525.3;ENST00000493603.1;ENST00000366940.2";"5'UTR;5'UTR;5'UTR;5'UTR;5'UTR;5'UTR;5'UTR;5'UTR;5'UTR;5'UTR";"ESRRG;ESRRG;ESRRG;ESRRG;ESRRG;ESRRG;ESRRG;ESRRG;ESRRG;ESRRG;ESRRG;ESRRG;ESRRG;ESRRG";"ENST00000475275.1;ENST00000469486.1;ENST00000481543.1;ENST00000459955.1;ENST00000391890.3;ENST00000360012.3;ENST00000487276.1;ENST00000361395.2;ENST00000493748.1;ENST00000463665.1;ENST00000359162.2;ENST00000361525.3;ENST00000493603.1;ENST00000366940.2";"5'UTR;5'UTR;5'UTR;5'UTR;5'UTR;5'UTR;5'UTR;5'UTR;5'UTR;5'UTR;5'UTR;5'UTR;5'UTR;5'UTR";;NA;chr1:216860407-216863501;6;;NA;NA;TRUE;1;214927315;rs116053954;17;0.009185;NA;ESRRG
cg00840791;0,802;FALSE;56692150;ACTAACAATAAAACTTACTAAAAATAATTTAACACTCATACRTAAAAAAC;;;II;;;CTGAAGAACCACCCATCTTCCAGGGCCCAGGCACTCCGACTCCTCAAATTTAAATACAGG[CG]CTTTCTACGCATGAGTGCCAAACCATTTCCAGTAAGTCTCATTGTCAGCTATAAAAATAA;37;19;16453259;CTGACAATGAGACTTACTGGAAATGGTTTGGCACTCATGCGTAGAAAGCG;F;;;;;;;chr19:16453203-16453203;;NA;;;;;;;;;;chr19:16452860-16453435;3;;NA;;NA;NA;NA;19;16314259;"rs143218423;rs7258756;rs185828119;rs569299490;rs538581004;rs558410479";"1;9;40;41;48;50";"0.000200;0.015176;0.001597;0.000200;0.000200;0.000200";NA;
cg16348385;0,801;FALSE;63735556;AATAAACTATCAAAACCTAAACCACACACATACRAAACACTCCCAAAACC;;;II;;;GGGAGGGAGTAGGTGGGCTGTCAGGACCTGGGCCACACACATGCGAGGCACTCCCAGAGC[CG]TGGGGACTCGCTCTGTCACACTGGGCTGCTCTCTCCTTTCCCCAGAGCCAGCAGCCTCTC;37;16;30106822;CGGCTCTGGGAGTGCCTCGCATGTGTGTGGCCCAGGTCCTGACAGCCCAC;R;"YPEL3;YPEL3;YPEL3";"NM_031477;NM_001145524;NM_031477";"1stExon;5'UTR;5'UTR";chr16:30107511-30107875;N_Shore;;;;TRUE;16:30014183-30014492;16:30106816-30107032;Promoter_Associated;"YPEL3;RP11-455F5.3;YPEL3;YPEL3;YPEL3;YPEL3;YPEL3;YPEL3;YPEL3;YPEL3";"ENST00000565479.1;ENST00000515455.2;ENST00000562641.1;ENST00000398841.1;ENST00000566134.1;ENST00000398838.4;ENST00000566595.1;ENST00000563788.1;ENST00000562641.1;ENST00000398841.1";"3'UTR;TSS1500;1stExon;1stExon;5'UTR;5'UTR;5'UTR;5'UTR;5'UTR;5'UTR";"YPEL3;YPEL3;YPEL3;RP11-455F5.3;YPEL3;YPEL3;YPEL3;YPEL3;YPEL3;YPEL3;YPEL3;YPEL3;YPEL3;YPEL3;YPEL3;YPEL3";"ENST00000565479.1;ENST00000568674.1;ENST00000568681.1;ENST00000515455.2;ENST00000570099.1;ENST00000568681.1;ENST00000562641.1;ENST00000398841.1;ENST00000566134.1;ENST00000565110.1;ENST00000566401.1;ENST00000398838.4;ENST00000566595.1;ENST00000563788.1;ENST00000562641.1;ENST00000398841.1";"3'UTR;3'UTR;3'UTR;TSS1500;TSS1500;1stExon;1stExon;1stExon;5'UTR;5'UTR;5'UTR;5'UTR;5'UTR;5'UTR;5'UTR;5'UTR";chr16:30106320-30107415;3;;NA;;NA;NA;TRUE;16;30014323;;;;NA;YPEL3
cg12999267;0,779;FALSE;6670415;AAAATTAATTCTAACTAATAACTTAACTTACACATTAAATAACTCACCAC;;;II;;;AGTTAACAGAAGCAAGTTGACTCAGGCAACTGTGAGAAAAGCTAAGACTGTTTGCATGCA[CG]TGGTGAGTCATCTAATGTGTAAGTCAAGCTACCAGCTAGAATTAATCTTGTGCATGGAAA;37;12;94376970;CGTGGTGAGTCATCTAATGTGTAAGTCAAGCTACCAGCTAGAATTAATCT;F;;;;;;;;;TRUE;;;;;;;;;;chr12:94376580-94377135;3;;NA;;NA;NA;TRUE;12;92901101;rs530850785;36;0.0002;NA;
cg20301308;0,775;FALSE;75767284;TCCACTATATAATTTTTACATTTATTTTCTAATACCTTTCACAAATCAAC;;;II;;;CCCTTTGTGCATCCACTGTATGGTTTTTACATTTATTTTCTGGTGCCTTTCACAGATCAG[CG]TACGGCACAGTTGCTGTATCTCCCACTAGGGTAAGCTTTGAGGCCAGGGCCATGCCATAC;37;1;65534742;CGCTGATCTGTGAAAGGCACCAGAAAATAAATGTAAAAACCATACAGTGG;R;;;;chr1:65532161-65533212;S_Shore;;;;NA;;;;RP4-535B20.1;ENST00000448344.1;TSS1500;RP4-535B20.1;ENST00000448344.1;TSS1500;chr1:65532085-65535195;3;;NA;;NA;NA;TRUE;1;65307330;rs192107635;11;0.0002;NA;
cg12542255;0,771;FALSE;5734497;TCAAAAAATCAAAAAACTAATCACTACCACTAATACATTAAACACCAACA;42650292;TCAAAAAATCGAAAAACTAATCACTACCGCTAATACGTTAAACGCCGACG;I;A;Red;CGTTGTTAACCCTTCGTACACTTCTTCGTTTGTCCTCACCTGCCCGGAGGTCTCCGCGTT[CG]CCGGCGCCCAACGCACCAGCGGCAGTGACCAGCCTTCCGATCCCCTGAACTCGCCCTCCC;37;19;45976195;CGCCGGCGCCCAACGCACCAGCGGCAGTGACCAGCCTTCCGATCCCCTGA;F;"FOSB;FOSB";"NM_006732;NM_001114171";"Body;Body";chr19:45975848-45976262;Island;;;;TRUE;19:50667771-50668057;;;ERCC1;ENST00000423698.2;5'UTR;ERCC1;ENST00000423698.2;5'UTR;chr19:45975300-45976675;3;;NA;;NA;NA;TRUE;19;50668035;"rs200557023;rs201701616;rs138817324";"5;6;29";"0.001000;0.001000;0.000220";NA;FOSB
cg20734092;0,76;FALSE;93696919;TCCCATTCACATTAATTATTCAAAATCCCRAAACTTTTTCTTCCAACAAC;;;II;;;AAAACTCACATTCTAAGCTGTTGTCAATTATTTATACCTTTGAATGAGTATCAGAGCAAA[CG]TTGCTGGAAGAAAAAGTTTCGGGACCTTGAATAATTAATGTGAATGGGACAGGAGAACTT;37;10;22546132;CGTTGCTGGAAGAAAAAGTTTCGGGACCTTGAATAATTAATGTGAATGGG;F;LOC100130992;NR_038921;Body;chr10:22540707-22542739;S_Shelf;;;;NA;;;;RP11-573G6.6;ENST00000566763.1;TSS1500;RP11-573G6.6;ENST00000566763.1;TSS1500;;NA;;NA;;NA;NA;NA;10;22586138;"rs563435935;rs529055739;rs79644468";"2;7;51";"0.000200;0.000200;0.012580";NA;LOC100130992
cg12434132;0,745;FALSE;63679914;AACTCAACRACTTAACACTAACACAATCRAAATAATATACCTATATAAAC;;;II;;;TGTTCCCTCCTTTCCTCTCTGCCAACTCGGGCACAGCCTGTTTGTATCACCTGCCACCCC[CG]CTTACACAGGCACATCACCTCGACTGTGCCAGTGCCAAGCCGCTGAGCCACTTCCCTTTC;37;2;25268065;GCTCAGCGGCTTGGCACTGGCACAGTCGAGGTGATGTGCCTGTGTAAGCG;F;EFR3B;NM_014971;Body;chr2:25264682-25265727;S_Shelf;;;;NA;;;;EFR3B;ENST00000402191.1;5'UTR;EFR3B;ENST00000545169.1;5'UTR;chr2:25267980-25268335;3;;NA;;NA;NA;NA;2;25121569;;;;NA;EFR3B
cg11436362;0,744;FALSE;76640256;AAATCACATTCAAAAATCAACAAAAAAACACCCCAAAAAATAAATAAACA;21682164;AAATCACATTCAAAAATCGACAAAAAAACGCCCCGAAAAATAAATAAACG;I;A;Red;CTGCCTGTGTGGTGTCGCGCCTTCTCCCCCCCGGGGCTGGGTTGGCGCACCCTCCCCTCC[CG]TCTACTCATTCCCCGGGGCGTTTCTTTGCCGATTTTTGAATGTGATTTTAAAGAGTGAAA;37;11;67053929;AAATCACATTCAAAAATCGGCAAAGAAACGCCCCGGGGAATGAGTAGACG;F;ADRBK1;NM_001619;3'UTR;chr11:67052394-67053110;S_Shore;;;;NA;11:66810405-66810506;11:67053490-67054392;Promoter_Associated_Cell_type_specific;ADRBK1;ENST00000308595.5;3'UTR;"ADRBK1;ADRBK1";"ENST00000416281.2;ENST00000308595.5";"5'UTR;3'UTR";chr11:67053840-67054715;3;;NA;;NA;NA;TRUE;11;66810505;"rs531568893;rs550075525;rs568315020;rs148698726";"0;15;16;21";"0.000200;0.000200;0.000200;0.000599";NA;ADRBK1
cg03540917;0,741;FALSE;85600182;AAACTAACTTTCAAATCTAACCTACCACTTTTAAAACCATTAAAAACTAC;;;II;;;TCAACTAAAACTTACACTTTTATCTGAATCAAAAGGCCTGCCTGACAACCTGGTTTTAAA[CG]CAGTCCTCAATGGTTTCAAAAGTGGCAGGTCAGACCTGAAAGCCAGCCTCCCTCCCAAAC;37;4;57686587;CGCAGTCCTCAATGGTTTCAAAAGTGGCAGGTCAGACCTGAAAGCCAGCC;F;"SPINK2;SPINK2;SPINK2;SPINK2;SPINK2;SPINK2;SPINK2;SPINK2;SPINK2";"NR_073419;NR_073417;NR_073418;NM_001271722;NM_001271718;NM_001271720;NM_021114;NM_001271719;NM_001271721";"Body;Body;Body;Body;Body;Body;Body;Body;Body";chr4:57687610-57687906;N_Shore;;;;NA;;;;;;;;;;chr4:57686425-57686675;3;;NA;;NA;NA;NA;4;57381344;rs537940835;31;0.109425;NA;SPINK2
